"REF_DATE","GEO","DGUID","UOM","UOM_ID","SCALAR_FACTOR","SCALAR_ID","VECTOR","COORDINATE","VALUE","STATUS","SYMBOL","TERMINATED","DECIMALS"
"2018-11","Canada","2016A000011124","Percent","239","units","0","v733833","1","4.38","","","","2"
"2018-12","Canada","2016A000011124","Percent","239","units","0","v733833","1","4.59","","","","2"
"2019-01","Canada","2016A000011124","Percent","239","units","0","v733833","1","4.59","","","","2"
"2019-02","Canada","2016A000011124","Percent","239","units","0","v733833","1","4.52","","","","2"
"2019-03","Canada","2016A000011124","Percent","239","units","0","v733833","1","4.44","","","","2"
"2019-04","Canada","2016A000011124","Percent","239","units","0","v733833","1","4.33","","","","2"
"2019-05","Canada","2016A000011124","Percent","239","units","0","v733833","1","4.30","","","","2"
"2019-06","Canada","2016A000011124","Percent","239","units","0","v733833","1","4.23","","","","2"
"2019-07","Canada","2016A000011124","Percent","239","units","0","v733833","1","4.14","","","","2"
"2019-08","Canada","2016A000011124","Percent","239","units","0","v733833","1","4.08","","","","2"
"2019-09","Canada","2016A000011124","Percent","239","units","0","v733833","1","4.07","","","","2"
"2019-10","Canada","2016A000011124","Percent","239","units","0","v733833","1","4.09","","","","2"
"2019-11","Canada","2016A000011124","Percent","239","units","0","v733833","1","4.09","","","","2"
"2019-12","Canada","2016A000011124","Percent","239","units","0","v733833","1","4.08","","","","2"
"2020-01","Canada","2016A000011124","Percent","239","units","0","v733833","1","4.08","","","","2"
"2020-02","Canada","2016A000011124","Percent","239","units","0","v733833","1","4.08","","","","2"
"2020-03","Canada","2016A000011124","Percent","239","units","0","v733833","1","3.90","","","","2"
"2020-04","Canada","2016A000011124","Percent","239","units","0","v733833","1","3.95","","","","2"
"2020-05","Canada","2016A000011124","Percent","239","units","0","v733833","1","3.86","","","","2"
"2020-06","Canada","2016A000011124","Percent","239","units","0","v733833","1","3.77","","","","2"
"2020-07","Canada","2016A000011124","Percent","239","units","0","v733833","1","3.64","","","","2"
"2020-08","Canada","2016A000011124","Percent","239","units","0","v733833","1","3.57","","","","2"
"2020-09","Canada","2016A000011124","Percent","239","units","0","v733833","1","3.51","","","","2"
"2020-10","Canada","2016A000011124","Percent","239","units","0","v733833","1","3.45","","","","2"
"2020-11","Canada","2016A000011124","Percent","239","units","0","v733833","1","3.42","","","","2"
"2020-12","Canada","2016A000011124","Percent","239","units","0","v733833","1","3.34","","","","2"
"2021-01","Canada","2016A000011124","Percent","239","units","0","v733833","1","3.30","","","","2"
"2021-02","Canada","2016A000011124","Percent","239","units","0","v733833","1","3.25","","","","2"
"2021-03","Canada","2016A000011124","Percent","239","units","0","v733833","1","3.26","","","","2"
"2021-04","Canada","2016A000011124","Percent","239","units","0","v733833","1","3.25","","","","2"
"2021-05","Canada","2016A000011124","Percent","239","units","0","v733833","1","3.25","","","","2"
"2021-06","Canada","2016A000011124","Percent","239","units","0","v733833","1","3.26","","","","2"
"2021-07","Canada","2016A000011124","Percent","239","units","0","v733833","1","3.20","","","","2"
"2021-08","Canada","2016A000011124","Percent","239","units","0","v733833","1","3.20","","","","2"
"2021-09","Canada","2016A000011124","Percent","239","units","0","v733833","1","3.22","","","","2"
"2021-10","Canada","2016A000011124","Percent","239","units","0","v733833","1","3.29","","","","2"
"2021-11","Canada","2016A000011124","Percent","239","units","0","v733833","1","3.40","","","","2"
"2021-12","Canada","2016A000011124","Percent","239","units","0","v733833","1","3.45","","","","2"
"2022-01","Canada","2016A000011124","Percent","239","units","0","v733833","1","3.44","","","","2"
"2022-02","Canada","2016A000011124","Percent","239","units","0","v733833","1","3.58","","","","2"
"2022-03","Canada","2016A000011124","Percent","239","units","0","v733833","1","3.77","","","","2"
"2022-04","Canada","2016A000011124","Percent","239","units","0","v733833","1","4.19","","","","2"
"2022-05","Canada","2016A000011124","Percent","239","units","0","v733833","1","4.63","","","","2"
"2022-06","Canada","2016A000011124","Percent","239","units","0","v733833","1","5.05","","","","2"
"2022-07","Canada","2016A000011124","Percent","239","units","0","v733833","1","5.51","","","","2"
"2022-08","Canada","2016A000011124","Percent","239","units","0","v733833","1","5.58","","","","2"
"2022-09","Canada","2016A000011124","Percent","239","units","0","v733833","1","5.64","","","","2"
"2022-10","Canada","2016A000011124","Percent","239","units","0","v733833","1","5.75","","","","2"
"2022-11","Canada","2016A000011124","Percent","239","units","0","v733833","1","5.88","","","","2"
"2022-12","Canada","2016A000011124","Percent","239","units","0","v733833","1","5.89","","","","2"
"2023-01","Canada","2016A000011124","Percent","239","units","0","v733833","1","5.86","","","","2"
"2023-02","Canada","2016A000011124","Percent","239","units","0","v733833","1","5.81","","","","2"
"2023-03","Canada","2016A000011124","Percent","239","units","0","v733833","1","5.81","","","","2"
"2023-04","Canada","2016A000011124","Percent","239","units","0","v733833","1","5.75","","","","2"
"2023-05","Canada","2016A000011124","Percent","239","units","0","v733833","1","5.74","","","","2"
"2023-06","Canada","2016A000011124","Percent","239","units","0","v733833","1","5.85","","","","2"
"2023-07","Canada","2016A000011124","Percent","239","units","0","v733833","1","5.99","","","","2"
"2023-08","Canada","2016A000011124","Percent","239","units","0","v733833","1","6.17","","","","2"
"2023-09","Canada","2016A000011124","Percent","239","units","0","v733833","1","6.27","","","","2"
"2023-10","Canada","2016A000011124","Percent","239","units","0","v733833","1","6.42","","","","2"
"2023-11","Canada","2016A000011124","Percent","239","units","0","v733833","1","6.47","","","","2"
"2023-12","Canada","2016A000011124","Percent","239","units","0","v733833","1","6.39","","","","2"
"2024-01","Canada","2016A000011124","Percent","239","units","0","v733833","1","6.31","","","","2"
"2024-02","Canada","2016A000011124","Percent","239","units","0","v733833","1","6.15","","","","2"
"2024-03","Canada","2016A000011124","Percent","239","units","0","v733833","1","6.13","","","","2"
"2024-04","Canada","2016A000011124","Percent","239","units","0","v733833","1","6.08","","","","2"
"2024-05","Canada","2016A000011124","Percent","239","units","0","v733833","1","6.05","","","","2"
"2024-06","Canada","2016A000011124","Percent","239","units","0","v733833","1","5.98","","","","2"
"2024-07","Canada","2016A000011124","Percent","239","units","0","v733833","1","5.91","","","","2"
"2024-08","Canada","2016A000011124","Percent","239","units","0","v733833","1","5.73","","","","2"
"2024-09","Canada","2016A000011124","Percent","239","units","0","v733833","1","5.55","","","","2"
"2024-10","Canada","2016A000011124","Percent","239","units","0","v733833","1","5.44","","","","2"
"2024-11","Canada","2016A000011124","Percent","239","units","0","v733833","1","5.38","","","","2"
"2024-12","Canada","2016A000011124","Percent","239","units","0","v733833","1","5.35","","","","2"
"2025-01","Canada","2016A000011124","Percent","239","units","0","v733833","1","5.31","","","","2"
"2025-02","Canada","2016A000011124","Percent","239","units","0","v733833","1","5.08","","","","2"
"2025-03","Canada","2016A000011124","Percent","239","units","0","v733833","1","5.22","","","","2"


