geo,dguid,uom,uom_id,scalar_factor,scalar_id,vector,coordinate,mortgage_rate,decimals,year,month
Canada,2016A000011124,Percent,239,units,0,v733833,1,4.38,2,2018,11
Canada,2016A000011124,Percent,239,units,0,v733833,1,4.59,2,2018,12
Canada,2016A000011124,Percent,239,units,0,v733833,1,4.59,2,2019,1
Canada,2016A000011124,Percent,239,units,0,v733833,1,4.52,2,2019,2
Canada,2016A000011124,Percent,239,units,0,v733833,1,4.44,2,2019,3
Canada,2016A000011124,Percent,239,units,0,v733833,1,4.33,2,2019,4
Canada,2016A000011124,Percent,239,units,0,v733833,1,4.3,2,2019,5
Canada,2016A000011124,Percent,239,units,0,v733833,1,4.23,2,2019,6
Canada,2016A000011124,Percent,239,units,0,v733833,1,4.14,2,2019,7
Canada,2016A000011124,Percent,239,units,0,v733833,1,4.08,2,2019,8
Canada,2016A000011124,Percent,239,units,0,v733833,1,4.07,2,2019,9
Canada,2016A000011124,Percent,239,units,0,v733833,1,4.09,2,2019,10
Canada,2016A000011124,Percent,239,units,0,v733833,1,4.09,2,2019,11
Canada,2016A000011124,Percent,239,units,0,v733833,1,4.08,2,2019,12
Canada,2016A000011124,Percent,239,units,0,v733833,1,4.08,2,2020,1
Canada,2016A000011124,Percent,239,units,0,v733833,1,4.08,2,2020,2
Canada,2016A000011124,Percent,239,units,0,v733833,1,3.9,2,2020,3
Canada,2016A000011124,Percent,239,units,0,v733833,1,3.95,2,2020,4
Canada,2016A000011124,Percent,239,units,0,v733833,1,3.86,2,2020,5
Canada,2016A000011124,Percent,239,units,0,v733833,1,3.77,2,2020,6
Canada,2016A000011124,Percent,239,units,0,v733833,1,3.64,2,2020,7
Canada,2016A000011124,Percent,239,units,0,v733833,1,3.57,2,2020,8
Canada,2016A000011124,Percent,239,units,0,v733833,1,3.51,2,2020,9
Canada,2016A000011124,Percent,239,units,0,v733833,1,3.45,2,2020,10
Canada,2016A000011124,Percent,239,units,0,v733833,1,3.42,2,2020,11
Canada,2016A000011124,Percent,239,units,0,v733833,1,3.34,2,2020,12
Canada,2016A000011124,Percent,239,units,0,v733833,1,3.3,2,2021,1
Canada,2016A000011124,Percent,239,units,0,v733833,1,3.25,2,2021,2
Canada,2016A000011124,Percent,239,units,0,v733833,1,3.26,2,2021,3
Canada,2016A000011124,Percent,239,units,0,v733833,1,3.25,2,2021,4
Canada,2016A000011124,Percent,239,units,0,v733833,1,3.25,2,2021,5
Canada,2016A000011124,Percent,239,units,0,v733833,1,3.26,2,2021,6
Canada,2016A000011124,Percent,239,units,0,v733833,1,3.2,2,2021,7
Canada,2016A000011124,Percent,239,units,0,v733833,1,3.2,2,2021,8
Canada,2016A000011124,Percent,239,units,0,v733833,1,3.22,2,2021,9
Canada,2016A000011124,Percent,239,units,0,v733833,1,3.29,2,2021,10
Canada,2016A000011124,Percent,239,units,0,v733833,1,3.4,2,2021,11
Canada,2016A000011124,Percent,239,units,0,v733833,1,3.45,2,2021,12
Canada,2016A000011124,Percent,239,units,0,v733833,1,3.44,2,2022,1
Canada,2016A000011124,Percent,239,units,0,v733833,1,3.58,2,2022,2
Canada,2016A000011124,Percent,239,units,0,v733833,1,3.77,2,2022,3
Canada,2016A000011124,Percent,239,units,0,v733833,1,4.19,2,2022,4
Canada,2016A000011124,Percent,239,units,0,v733833,1,4.63,2,2022,5
Canada,2016A000011124,Percent,239,units,0,v733833,1,5.05,2,2022,6
Canada,2016A000011124,Percent,239,units,0,v733833,1,5.51,2,2022,7
Canada,2016A000011124,Percent,239,units,0,v733833,1,5.58,2,2022,8
Canada,2016A000011124,Percent,239,units,0,v733833,1,5.64,2,2022,9
Canada,2016A000011124,Percent,239,units,0,v733833,1,5.75,2,2022,10
Canada,2016A000011124,Percent,239,units,0,v733833,1,5.88,2,2022,11
Canada,2016A000011124,Percent,239,units,0,v733833,1,5.89,2,2022,12
Canada,2016A000011124,Percent,239,units,0,v733833,1,5.86,2,2023,1
Canada,2016A000011124,Percent,239,units,0,v733833,1,5.81,2,2023,2
Canada,2016A000011124,Percent,239,units,0,v733833,1,5.81,2,2023,3
Canada,2016A000011124,Percent,239,units,0,v733833,1,5.75,2,2023,4
Canada,2016A000011124,Percent,239,units,0,v733833,1,5.74,2,2023,5
Canada,2016A000011124,Percent,239,units,0,v733833,1,5.85,2,2023,6
Canada,2016A000011124,Percent,239,units,0,v733833,1,5.99,2,2023,7
Canada,2016A000011124,Percent,239,units,0,v733833,1,6.17,2,2023,8
Canada,2016A000011124,Percent,239,units,0,v733833,1,6.27,2,2023,9
Canada,2016A000011124,Percent,239,units,0,v733833,1,6.42,2,2023,10
Canada,2016A000011124,Percent,239,units,0,v733833,1,6.47,2,2023,11
Canada,2016A000011124,Percent,239,units,0,v733833,1,6.39,2,2023,12
Canada,2016A000011124,Percent,239,units,0,v733833,1,6.31,2,2024,1
Canada,2016A000011124,Percent,239,units,0,v733833,1,6.15,2,2024,2
Canada,2016A000011124,Percent,239,units,0,v733833,1,6.13,2,2024,3
Canada,2016A000011124,Percent,239,units,0,v733833,1,6.08,2,2024,4
Canada,2016A000011124,Percent,239,units,0,v733833,1,6.05,2,2024,5
Canada,2016A000011124,Percent,239,units,0,v733833,1,5.98,2,2024,6
Canada,2016A000011124,Percent,239,units,0,v733833,1,5.91,2,2024,7
Canada,2016A000011124,Percent,239,units,0,v733833,1,5.73,2,2024,8
Canada,2016A000011124,Percent,239,units,0,v733833,1,5.55,2,2024,9
Canada,2016A000011124,Percent,239,units,0,v733833,1,5.44,2,2024,10
Canada,2016A000011124,Percent,239,units,0,v733833,1,5.38,2,2024,11
Canada,2016A000011124,Percent,239,units,0,v733833,1,5.35,2,2024,12
Canada,2016A000011124,Percent,239,units,0,v733833,1,5.31,2,2025,1
Canada,2016A000011124,Percent,239,units,0,v733833,1,5.08,2,2025,2
Canada,2016A000011124,Percent,239,units,0,v733833,1,5.22,2,2025,3
